{"cameraMode":{"drawMode":0,"name":"Shaded","section":"Shading Mode"},"sceneLighting":true,"audioPlay":false,"sceneViewState":{"m_AlwaysRefresh":false,"showFog":true,"showSkybox":true,"showFlares":true,"showImageEffects":true,"showParticleSystems":true,"showVisualEffectGraphs":true,"m_FxEnabled":false},"in2DMode":false,"pivot":{"x":0.8924825191497803,"y":0.5040528774261475,"z":4.071012496948242},"rotation":{"x":-0.22623905539512635,"y":-0.02863234467804432,"z":0.006673939526081085,"w":-0.9736618995666504},"size":4.821288108825684,"orthographic":false}