{"cameraMode":{"drawMode":0,"name":"Shaded","section":"Shading Mode"},"sceneLighting":true,"audioPlay":false,"sceneViewState":{"m_AlwaysRefresh":false,"showFog":true,"showSkybox":true,"showFlares":true,"showImageEffects":true,"showParticleSystems":true,"showVisualEffectGraphs":true,"m_FxEnabled":false},"in2DMode":false,"pivot":{"x":0.1271360069513321,"y":3.4286439418792726,"z":-1.9966343641281129},"rotation":{"x":-0.3072465658187866,"y":-0.010845348238945008,"z":0.00352372694760561,"w":-0.9515988826751709},"size":1.6791738271713257,"orthographic":false}